id,configName,creatorsCategory,analysisInstruction,newConceptsInstruction
tz-config-001-orlando,TIAGO-ZAMBONI,orlando-real-estate,"# CONCEPT
Overall description of the concept of this video, and what makes it valuable and interesting (1-3 sentences).
-> Clarify the core tension: what belief is challenged, what mistake is exposed, or what outcome is promised.
-> One clear idea only. No subtopics.

# HOOK
Detailed description of the first 5 seconds of the video, what makes it scroll-stopping and attention-grabbing, why a viewer needs to stop to watch it (1-3 sentences).
-> Break it down into:
- VISUAL (what is seen in the first 1-2 seconds: movement, facial expression, contrast, pattern break)
- TEXT (short on-screen statement: danger, promise, or contradiction, max 6-8 words)
- AUDIO (first spoken words: confident, direct, no intro, no context)
-> The hook must create either fear of loss, strong curiosity, or identity relevance.

# RETENTION MECHANISMS
Detailed description of how the creator manages to retain viewers throughout the video (1-7 sentences).
-> Open loops (""in a second I'll show you why..."", ""most people miss this part..."")
-> Delayed payoff (main insight is intentionally held back)
-> Micro-escalations every 3-5 seconds (new angle, sharper wording, visual or tonal shift)
-> Pattern interrupts (pauses, emphasis, cut, zoom, gesture)
-> Clear forward momentum: the viewer feels the video is going somewhere.

# REWARD
Describe the ultimate value that the viewer gets by watching this video (1-3 sentences).
-> Be explicit: what does the viewer now understand, feel, or see differently?
-> Define whether the reward is Education (clarity), Entertainment (emotional release), or Inspiration (self-belief / action).
-> The reward should feel proportional to the time invested.

# SCRIPT
Describe the full script of the video (1-20 sentences, as many as needed).
-> Structure:
1. Immediate hook (no greeting)
2. Problem framing / tension escalation
3. Why this matters (stakes)
4. Main insight or shift in perspective (this comes AFTER retention is established)
5. Clean close (no rambling; optional CTA only if natural)
-> Include: scenes, actions, voiceover, exact wording if possible.
-> Keep sentences short. Spoken language only.

OVERALL RULE:
THE SHORTER THE ANALYSIS - THE BETTER.
If it can be said in fewer words, it should be.
Clarity > cleverness.
Retention > information.","Adapte este vídeo para o Tiago Zamboni, corretor brasileiro em Orlando (Winter Garden, FL) com 17 anos morando na Flórida. Ele trabalha pela Florida Connexion, imobiliária com 16 anos de mercado. Seus serviços: venda de imóveis, aluguel e imóveis para investimento.

Público-alvo em ordem de prioridade:
1. Brasileiros no Brasil querendo casa de férias, moradia sazonal ou investimento patrimonial em dólar
2. Brasileiros morando nos EUA querendo casa própria ou relocação para Orlando
3. Investidores (brasileiros ou americanos) buscando short sale, foreclosure e oportunidades abaixo do mercado

Tom de voz do Tiago: direto, explicativo, extrovertido, descontraído, informal. Nunca formal, nunca apelativo. Fala em português. Postura de consultor, não de vendedor. Autoridade construída pela vivência real de 17 anos como brasileiro na Flórida — não pelo cargo.

Tarefa:
Gere 3 NOVOS conceitos de vídeo inspirados na referência analisada.
Não copie o original.
Traduza a ideia central para o contexto de imóveis em Orlando para brasileiros.
FOQUE principalmente em afiar os GANCHOS.

Foco:
- Os primeiros 3 segundos precisam parar um brasileiro de rolar o feed
- Ganchos devem desafiar uma crença, expor um erro comum ou prometer clareza sobre um processo que parece distante
- Autoridade pela experiência > hype
- ""Eu sei porque vivo aqui"" > ""compre agora""
- Sem gritos, sem buzzwords, sem exagero
- Linguagem em português brasileiro, tom de conversa, como se fosse um amigo que entende do assunto

O output deve ter este formato:

# CONCEITO 1
Descrição em texto (1-3 frases)

## GANCHO
Descrição detalhada do gancho (1-3 frases)
Descreva:
- O que é visto nos primeiros 2 segundos
- O que é dito na primeira frase
- Por que esse gancho funciona especificamente para brasileiros buscando imóvel nos EUA

## ROTEIRO
Descrição detalhada do roteiro (1-20 frases, quantas forem necessárias)
Inclua:
- Fluxo de cenas
- Texto falado / narração
- Payoff claro mas sem exagero
- Autoridade sutil, sem vender

# CONCEITO 2
...

# CONCEITO 3
..."
ld-config-001-niche,LAIS-DALTROZO,lais-insurance-niche,"# CONCEPT
Overall description of the concept of this video, and what makes it valuable and interesting (1-3 sentences).
-> Clarify the core tension: what belief is challenged, what mistake is exposed, or what outcome is promised.
-> One clear idea only. No subtopics.

# HOOK
Detailed description of the first 5 seconds of the video, what makes it scroll-stopping and attention-grabbing, why a viewer needs to stop to watch it (1-3 sentences).
-> Break it down into:
- VISUAL (what is seen in the first 1-2 seconds: movement, facial expression, contrast, pattern break)
- TEXT (short on-screen statement: danger, promise, or contradiction, max 6-8 words)
- AUDIO (first spoken words: confident, direct, no intro, no context)
-> The hook must create either fear of loss, strong curiosity, or identity relevance.

# RETENTION MECHANISMS
Detailed description of how the creator manages to retain viewers throughout the video (1-7 sentences).
-> Open loops (""in a second I'll show you why..."", ""most people miss this part..."")
-> Delayed payoff (main insight is intentionally held back)
-> Micro-escalations every 3-5 seconds (new angle, sharper wording, visual or tonal shift)
-> Pattern interrupts (pauses, emphasis, cut, zoom, gesture)
-> Clear forward momentum: the viewer feels the video is going somewhere.

# REWARD
Describe the ultimate value that the viewer gets by watching this video (1-3 sentences).
-> Be explicit: what does the viewer now understand, feel, or see differently?
-> Define whether the reward is Education (clarity), Entertainment (emotional release), or Inspiration (self-belief / action).
-> The reward should feel proportional to the time invested.

# SCRIPT
Describe the full script of the video (1-20 sentences, as many as needed).
-> Structure:
1. Immediate hook (no greeting)
2. Problem framing / tension escalation
3. Why this matters (stakes)
4. Main insight or shift in perspective (this comes AFTER retention is established)
5. Clean close (no rambling; optional CTA only if natural)
-> Include: scenes, actions, voiceover, exact wording if possible.
-> Keep sentences short. Spoken language only.

OVERALL RULE:
THE SHORTER THE ANALYSIS - THE BETTER.
If it can be said in fewer words, it should be.
Clarity > cleverness.
Retention > information.","Adapte este vídeo para a Laís Daltrozo, especialista em life insurance e proteção patrimonial nos EUA. Ela atende brasileiros nos EUA e no Brasil, e americanos que buscam proteção de vida e de patrimônio.

Público-alvo em ordem de prioridade:
1. Brasileiros morando nos EUA que ainda não têm life insurance ou não entendem como funciona
2. Brasileiros no Brasil com família ou patrimônio nos EUA que querem entender proteção patrimonial
3. Americanos buscando orientação personalizada sobre life insurance e proteção de bens

Tom de voz da Laís: educativo, claro, acolhedor, desmistificador. Nunca apelativo, nunca assustador, nunca cheio de jargão técnico. Fala em português. Postura de especialista que simplifica — ""eu explico o que ninguém te contou"".

Tarefa:
Gere 3 NOVOS conceitos de vídeo inspirados na referência analisada.
Não copie o original.
Traduza a ideia central para o contexto de life insurance e proteção patrimonial para brasileiros nos EUA.
FOQUE principalmente em afiar os GANCHOS.

Foco:
- Os primeiros 3 segundos precisam parar um brasileiro de rolar o feed
- Ganchos devem desafiar uma crença sobre seguro, expor um erro comum ou prometer clareza sobre algo que parece complicado
- ""Eu explico o que ninguém te explicou"" > hype genérico
- Dores reais: medo de pagar sem usar, não saber se precisa, não entender o sistema americano, medo de deixar família desprotegida
- Sem gritos, sem buzzwords, sem exagero
- Linguagem em português brasileiro, tom de conversa, como se fosse uma amiga especialista

O output deve ter este formato:

# CONCEITO 1
Descrição em texto (1-3 frases)

## GANCHO
Descrição detalhada do gancho (1-3 frases)
Descreva:
- O que é visto nos primeiros 2 segundos
- O que é dito na primeira frase
- Por que esse gancho funciona especificamente para brasileiros nos EUA pensando em proteção

## ROTEIRO
Descrição detalhada do roteiro (1-20 frases, quantas forem necessárias)
Inclua:
- Fluxo de cenas
- Texto falado / narração
- Payoff claro mas sem exagero
- Autoridade sutil, sem vender

# CONCEITO 2
...

# CONCEITO 3
..."
ld-config-002-formats,LAIS-VIRAL-FORMATS,lais-viral-formats,"# CONCEPT
Overall description of the concept of this video, and what makes it valuable and interesting (1-3 sentences).
-> Clarify the core tension: what belief is challenged, what mistake is exposed, or what outcome is promised.
-> One clear idea only. No subtopics.

# HOOK
Detailed description of the first 5 seconds of the video, what makes it scroll-stopping and attention-grabbing, why a viewer needs to stop to watch it (1-3 sentences).
-> Break it down into:
- VISUAL (what is seen in the first 1-2 seconds: movement, facial expression, contrast, pattern break)
- TEXT (short on-screen statement: danger, promise, or contradiction, max 6-8 words)
- AUDIO (first spoken words: confident, direct, no intro, no context)
-> The hook must create either fear of loss, strong curiosity, or identity relevance.

# RETENTION MECHANISMS
Detailed description of how the creator manages to retain viewers throughout the video (1-7 sentences).
-> Open loops (""in a second I'll show you why..."", ""most people miss this part..."")
-> Delayed payoff (main insight is intentionally held back)
-> Micro-escalations every 3-5 seconds (new angle, sharper wording, visual or tonal shift)
-> Pattern interrupts (pauses, emphasis, cut, zoom, gesture)
-> Clear forward momentum: the viewer feels the video is going somewhere.

# REWARD
Describe the ultimate value that the viewer gets by watching this video (1-3 sentences).
-> Be explicit: what does the viewer now understand, feel, or see differently?
-> Define whether the reward is Education (clarity), Entertainment (emotional release), or Inspiration (self-belief / action).
-> The reward should feel proportional to the time invested.

# SCRIPT
Describe the full script of the video (1-20 sentences, as many as needed).
-> Structure:
1. Immediate hook (no greeting)
2. Problem framing / tension escalation
3. Why this matters (stakes)
4. Main insight or shift in perspective (this comes AFTER retention is established)
5. Clean close (no rambling; optional CTA only if natural)
-> Include: scenes, actions, voiceover, exact wording if possible.
-> Keep sentences short. Spoken language only.

OVERALL RULE:
THE SHORTER THE ANALYSIS - THE BETTER.
If it can be said in fewer words, it should be.
Clarity > cleverness.
Retention > information.","Adapte este vídeo para a Laís Daltrozo, especialista em life insurance e proteção patrimonial nos EUA.

ATENÇÃO: Este vídeo vem de um criador de referência viral (pode ser de outro nicho). Sua tarefa é extrair o FORMATO e o GANCHO que funcionou viralmenente e adaptar para o contexto de life insurance e proteção patrimonial para brasileiros nos EUA.

Público-alvo:
1. Brasileiros morando nos EUA que ainda não têm life insurance ou não entendem como funciona
2. Brasileiros no Brasil com família ou patrimônio nos EUA
3. Americanos buscando orientação sobre life insurance

Tom: educativo, claro, acolhedor, desmistificador. Em português. Postura de especialista que simplifica — ""eu explico o que ninguém te contou"".

Tarefa:
Gere 3 NOVOS conceitos de vídeo que:
- Usem o FORMATO VIRAL da referência (estrutura, ritmo, tipo de gancho)
- Mas traduzam completamente o tema para life insurance e proteção patrimonial para brasileiros nos EUA
- FOQUE em afiar os GANCHOS para o contexto específico

Foco:
- Os primeiros 3 segundos precisam parar um brasileiro de rolar o feed
- Ganchos que tocam nas dores reais: medo de deixar família sem proteção, não entender o sistema americano, achar que é caro demais, não saber se precisa
- ""Eu explico o que ninguém te explicou"" > hype genérico
- Linguagem em português brasileiro, tom de conversa

O output deve ter este formato:

# CONCEITO 1
Descrição em texto (1-3 frases)

## GANCHO
Descrição detalhada do gancho (1-3 frases)
Descreva:
- O que é visto nos primeiros 2 segundos
- O que é dito na primeira frase
- Por que esse gancho funciona para brasileiros nos EUA pensando em proteção

## ROTEIRO
Descrição detalhada do roteiro (1-20 frases, quantas forem necessárias)
Inclua:
- Fluxo de cenas
- Texto falado / narração em português
- Payoff claro mas sem exagero
- Autoridade sutil, sem vender

# CONCEITO 2
...

# CONCEITO 3
..."
tz-config-002-global,TIAGO-ZAMBONI-GLOBAL,global-real-estate-viral,"# CONCEPT
Overall description of the concept of this video, and what makes it valuable and interesting (1-3 sentences).
-> Clarify the core tension: what belief is challenged, what mistake is exposed, or what outcome is promised.
-> One clear idea only. No subtopics.

# HOOK
Detailed description of the first 5 seconds of the video, what makes it scroll-stopping and attention-grabbing, why a viewer needs to stop to watch it (1-3 sentences).
-> Break it down into:
- VISUAL (what is seen in the first 1-2 seconds: movement, facial expression, contrast, pattern break)
- TEXT (short on-screen statement: danger, promise, or contradiction, max 6-8 words)
- AUDIO (first spoken words: confident, direct, no intro, no context)
-> The hook must create either fear of loss, strong curiosity, or identity relevance.

# RETENTION MECHANISMS
Detailed description of how the creator manages to retain viewers throughout the video (1-7 sentences).
-> Open loops (""in a second I'll show you why..."", ""most people miss this part..."")
-> Delayed payoff (main insight is intentionally held back)
-> Micro-escalations every 3-5 seconds (new angle, sharper wording, visual or tonal shift)
-> Pattern interrupts (pauses, emphasis, cut, zoom, gesture)
-> Clear forward momentum: the viewer feels the video is going somewhere.

# REWARD
Describe the ultimate value that the viewer gets by watching this video (1-3 sentences).
-> Be explicit: what does the viewer now understand, feel, or see differently?
-> Define whether the reward is Education (clarity), Entertainment (emotional release), or Inspiration (self-belief / action).
-> The reward should feel proportional to the time invested.

# SCRIPT
Describe the full script of the video (1-20 sentences, as many as needed).
-> Structure:
1. Immediate hook (no greeting)
2. Problem framing / tension escalation
3. Why this matters (stakes)
4. Main insight or shift in perspective (this comes AFTER retention is established)
5. Clean close (no rambling; optional CTA only if natural)
-> Include: scenes, actions, voiceover, exact wording if possible.
-> Keep sentences short. Spoken language only.

OVERALL RULE:
THE SHORTER THE ANALYSIS - THE BETTER.
If it can be said in fewer words, it should be.
Clarity > cleverness.
Retention > information.","Adapte este vídeo para o Tiago Zamboni, corretor brasileiro em Orlando (Winter Garden, FL) com 17 anos morando na Flórida. Ele trabalha pela Florida Connexion, imobiliária com 16 anos de mercado.

ATENÇÃO: Este vídeo vem de um criador de referência global (pode ser em inglês, de outro país). Sua tarefa é extrair o FORMATO e o GANCHO que funcionou viralmenente e adaptar para o contexto de Orlando e para o público brasileiro do Tiago.

Público-alvo:
1. Brasileiros no Brasil querendo casa de férias ou investimento patrimonial em dólar
2. Brasileiros nos EUA querendo casa própria em Orlando
3. Investidores buscando short sale, foreclosure e oportunidades

Tom: direto, explicativo, descontraído, informal. Em português. Postura de consultor, não de vendedor. Autoridade pela vivência de 17 anos como brasileiro na Flórida.

Tarefa:
Gere 3 NOVOS conceitos de vídeo que:
- Usem o FORMATO VIRAL da referência (estrutura, ritmo, tipo de gancho)
- Mas traduzam completamente o tema para o mercado de Orlando e para dores do público brasileiro
- FOQUE em afiar os GANCHOS para o contexto brasileiro

Foco:
- Os primeiros 3 segundos precisam parar um brasileiro de rolar o feed
- Ganchos que tocam nas dores reais: medo de errar, não conhecer o mercado, distância, burocracia
- ""Eu sei porque vivo aqui"" > hype genérico
- Linguagem em português brasileiro, tom de conversa

O output deve ter este formato:

# CONCEITO 1
Descrição em texto (1-3 frases)

## GANCHO
Descrição detalhada do gancho (1-3 frases)
Descreva:
- O que é visto nos primeiros 2 segundos
- O que é dito na primeira frase
- Por que esse gancho funciona para brasileiros buscando imóvel nos EUA

## ROTEIRO
Descrição detalhada do roteiro (1-20 frases, quantas forem necessárias)
Inclua:
- Fluxo de cenas
- Texto falado / narração em português
- Payoff claro mas sem exagero
- Autoridade sutil, sem vender

# CONCEITO 2
...

# CONCEITO 3
..."
